{
  "account_length": 0.0,
  "international_plan": 1.6065289676189423,
  "number_vmail_messages": 7.453483439981937,
  "total_intl_minutes": 0.5204851841554046,
  "total_intl_calls": 0.09748359769582748,
  "number_customer_service_calls": 24.213330268859863,
  "total_minutes": 44.54945661127567,
  "total_calls": 0.0,
  "area_code_area_code_408": 0.0,
  "area_code_area_code_415": 6.923150062561035,
  "area_code_area_code_510": 5.743340015411377,
  "state_other": 14.440189599990845,
  "avg_mt_charge": 0.5940298032946885,
  "avg_call_charge": 0.0,
  "avg_intl_call_charge": 3.294250901788473,
  "both_plans": 0.0
}