{
  "account_length": 4290.561765447259,
  "international_plan": 2970.783325135708,
  "number_vmail_messages": 8018.373585939407,
  "total_intl_minutes": 6778.58722621575,
  "total_intl_calls": 2432.685108423233,
  "number_customer_service_calls": 11483.540564984083,
  "total_minutes": 27482.511325825006,
  "total_calls": 6998.2551047205925,
  "area_code_area_code_408": 6744.249777987599,
  "area_code_area_code_415": 6262.241882234812,
  "area_code_area_code_510": 10238.095726099098,
  "state_other": 3004.57246863842,
  "avg_mt_charge": 3644.97381986049,
  "avg_call_charge": 8449.067518239463,
  "avg_intl_call_charge": 4837.048534564674,
  "both_plans": 1.4893900156021118
}