{
  "account_length": 0.9764209985733032,
  "international_plan": 11.308321043848991,
  "number_vmail_messages": 90.94150972366333,
  "total_intl_minutes": 1.6053969860076904,
  "total_intl_calls": 0.0,
  "number_customer_service_calls": 99.67424869537354,
  "total_minutes": 314.99649810791016,
  "total_calls": 0.0,
  "area_code_area_code_408": 14.058199882507324,
  "area_code_area_code_415": 16.001399993896484,
  "area_code_area_code_510": 42.59010028839111,
  "state_other": 21.39150109887123,
  "avg_mt_charge": 6.184149742126465,
  "avg_call_charge": 0.0,
  "avg_intl_call_charge": 1.459576040506363,
  "both_plans": 0.0
}