{
  "account_length": 2306.1834520939738,
  "international_plan": 2155.106877937913,
  "number_vmail_messages": 6522.072553751059,
  "total_intl_minutes": 2654.1512602497824,
  "total_intl_calls": 966.5638648848981,
  "number_customer_service_calls": 8208.237535666907,
  "total_minutes": 18215.169803937315,
  "total_calls": 3215.8761036079377,
  "area_code_area_code_408": 5680.431626050733,
  "area_code_area_code_415": 5253.654298674315,
  "area_code_area_code_510": 6641.137816540897,
  "state_other": 1630.8137438893318,
  "avg_mt_charge": 2432.20589613379,
  "avg_call_charge": 4261.901443830691,
  "avg_intl_call_charge": 2518.2640434791974,
  "both_plans": 0.006088030058890581
}