{
  "account_length": 0.7665148474043235,
  "international_plan": 6.570567030459642,
  "number_vmail_messages": 10.347349882125854,
  "total_intl_minutes": 7.7598262180399615,
  "total_intl_calls": 5.505111258593388,
  "number_customer_service_calls": 153.36045384034514,
  "total_minutes": 187.06143669923767,
  "total_calls": 9.117380746582057,
  "area_code_area_code_408": 21.664943017065525,
  "area_code_area_code_415": 59.5088996887207,
  "area_code_area_code_510": 23.855410523712635,
  "state_other": 59.157901904021855,
  "avg_mt_charge": 5.647046996979043,
  "avg_call_charge": 202.22012238949537,
  "avg_intl_call_charge": 16.32595667444548,
  "both_plans": 0.0
}