{
  "account_length": 3369.8593522906303,
  "international_plan": 1736.0811271071434,
  "number_vmail_messages": 6960.143510818481,
  "total_intl_minutes": 4567.348928272724,
  "total_intl_calls": 1350.7857148051262,
  "number_customer_service_calls": 9490.97332751751,
  "total_minutes": 20804.74720676616,
  "total_calls": 5233.973492592573,
  "area_code_area_code_408": 5479.118246138096,
  "area_code_area_code_415": 4933.7608407735825,
  "area_code_area_code_510": 6456.5671707987785,
  "state_other": 1587.2909637093544,
  "avg_mt_charge": 3522.24621117115,
  "avg_call_charge": 6194.361667275429,
  "avg_intl_call_charge": 5087.627244889736,
  "both_plans": 0.0
}