{
  "account_length": 2141.2019396424294,
  "international_plan": 1802.5287591218948,
  "number_vmail_messages": 6449.322059035301,
  "total_intl_minutes": 3271.3909658789635,
  "total_intl_calls": 964.6714326143265,
  "number_customer_service_calls": 9467.502405583858,
  "total_minutes": 19096.960472226143,
  "total_calls": 3869.308734834194,
  "area_code_area_code_408": 5054.461146593094,
  "area_code_area_code_415": 5733.314554691315,
  "area_code_area_code_510": 6367.28590965271,
  "state_other": 1713.2091382741928,
  "avg_mt_charge": 1930.195728778839,
  "avg_call_charge": 5513.94961887598,
  "avg_intl_call_charge": 4467.498613417149,
  "both_plans": 0.0
}