{
  "account_length": 5335.717404603958,
  "international_plan": 2311.1173867434263,
  "number_vmail_messages": 5129.401330396533,
  "total_intl_minutes": 11359.77708647045,
  "total_intl_calls": 1913.336845410522,
  "number_customer_service_calls": 12855.255727002164,
  "total_minutes": 21491.86208871659,
  "total_calls": 14185.158857474104,
  "area_code_area_code_408": 7126.7252742648125,
  "area_code_area_code_415": 10565.527491867542,
  "area_code_area_code_510": 7262.022865355015,
  "state_other": 3539.5630352934822,
  "avg_mt_charge": 6525.083587920293,
  "avg_call_charge": 25619.105119263753,
  "avg_intl_call_charge": 7260.705045311712,
  "both_plans": 0.0
}