{
  "account_length": 2047.9472901821136,
  "international_plan": 2530.4191871881485,
  "number_vmail_messages": 6449.17717063427,
  "total_intl_minutes": 3668.2989879846573,
  "total_intl_calls": 1229.5411586761475,
  "number_customer_service_calls": 8947.099087119102,
  "total_minutes": 19552.43236875534,
  "total_calls": 2881.505493283272,
  "area_code_area_code_408": 5646.762903094292,
  "area_code_area_code_415": 5094.912432551384,
  "area_code_area_code_510": 7783.635103106499,
  "state_other": 2085.9373898506165,
  "avg_mt_charge": 1712.0368160009384,
  "avg_call_charge": 3815.7035583257675,
  "avg_intl_call_charge": 3151.318267583847,
  "both_plans": 0.0
}