{
  "account_length": 1917.9574500322342,
  "international_plan": 1721.0533448457718,
  "number_vmail_messages": 6828.3521746993065,
  "total_intl_minutes": 3069.3296262025833,
  "total_intl_calls": 987.9020949602127,
  "number_customer_service_calls": 8883.513461351395,
  "total_minutes": 18106.785284280777,
  "total_calls": 3408.831285238266,
  "area_code_area_code_408": 5240.165653705597,
  "area_code_area_code_415": 5972.160707473755,
  "area_code_area_code_510": 6178.790916323662,
  "state_other": 1959.062155008316,
  "avg_mt_charge": 2118.4515011310577,
  "avg_call_charge": 4683.197608947754,
  "avg_intl_call_charge": 3892.8630900382996,
  "both_plans": 10.093089818954468
}