{
  "account_length": 3611.481496194103,
  "international_plan": 2067.467694785446,
  "number_vmail_messages": 8738.868262219155,
  "total_intl_minutes": 4462.128004730419,
  "total_intl_calls": 1748.2613340145472,
  "number_customer_service_calls": 11864.8814235429,
  "total_minutes": 25212.89096251231,
  "total_calls": 5890.802635003612,
  "area_code_area_code_408": 6301.736796446635,
  "area_code_area_code_415": 6289.672057216099,
  "area_code_area_code_510": 9033.126682169408,
  "state_other": 2200.072205023689,
  "avg_mt_charge": 3339.1617712802254,
  "avg_call_charge": 8919.021974460931,
  "avg_intl_call_charge": 5296.707546519407,
  "both_plans": 0.0
}