{
  "account_length": 0.019499864778481424,
  "international_plan": 3.3997230380773544,
  "number_vmail_messages": 19.169089794158936,
  "total_intl_minutes": 0.19470500014722347,
  "total_intl_calls": 0.0,
  "number_customer_service_calls": 25.393471613526344,
  "total_minutes": 66.285400390625,
  "total_calls": 0.0,
  "area_code_area_code_408": 0.0,
  "area_code_area_code_415": 7.053760051727295,
  "area_code_area_code_510": 12.828590393066406,
  "state_other": 7.173322081565857,
  "avg_mt_charge": 0.12370730191469193,
  "avg_call_charge": 0.0,
  "avg_intl_call_charge": 2.4015376418828964,
  "both_plans": 0.0
}