{
  "account_length": 0.0,
  "international_plan": 3.4542290717363358,
  "number_vmail_messages": 24.232759714126587,
  "total_intl_minutes": 0.19718890637159348,
  "total_intl_calls": 0.0,
  "number_customer_service_calls": 39.87100887298584,
  "total_minutes": 121.47509956359863,
  "total_calls": 0.0,
  "area_code_area_code_408": 0.0,
  "area_code_area_code_415": 6.673460006713867,
  "area_code_area_code_510": 12.236279964447021,
  "state_other": 6.991831004619598,
  "avg_mt_charge": 1.8873312808573246,
  "avg_call_charge": 0.0,
  "avg_intl_call_charge": 4.0547495696228,
  "both_plans": 0.0
}