{
  "account_length": 0.0,
  "international_plan": 1.3662290424108505,
  "number_vmail_messages": 22.06879985332489,
  "total_intl_minutes": 0.0,
  "total_intl_calls": 0.0,
  "number_customer_service_calls": 31.70263957977295,
  "total_minutes": 77.65029907226562,
  "total_calls": 0.0,
  "area_code_area_code_408": 0.0,
  "area_code_area_code_415": 6.301770210266113,
  "area_code_area_code_510": 15.709290027618408,
  "state_other": 7.170139789581299,
  "avg_mt_charge": 1.8170396067434922,
  "avg_call_charge": 0.0,
  "avg_intl_call_charge": 2.3979839980602264,
  "both_plans": 0.0
}