{
  "account_length": 0.17116851061291527,
  "international_plan": 9.097382345236838,
  "number_vmail_messages": 9.733627989888191,
  "total_intl_minutes": 2.212817794919829,
  "total_intl_calls": 0.38166222581639886,
  "number_customer_service_calls": 50.09541595540941,
  "total_minutes": 68.99452520644991,
  "total_calls": 1.806644440162927,
  "area_code_area_code_408": 7.751174032688141,
  "area_code_area_code_415": 18.423587054014206,
  "area_code_area_code_510": 10.594098159112036,
  "state_other": 16.028017923235893,
  "avg_mt_charge": 1.8037331033774535,
  "avg_call_charge": 91.63730276748538,
  "avg_intl_call_charge": 3.155127065285342,
  "both_plans": 0.0
}