{
  "account_length": 692.1652616533975,
  "international_plan": 548.7446360625327,
  "number_vmail_messages": 882.0743360754836,
  "total_intl_minutes": 1787.2137678028084,
  "total_intl_calls": 241.51469624618767,
  "number_customer_service_calls": 2360.2557611879893,
  "total_minutes": 2714.682405829197,
  "total_calls": 2256.7530833638157,
  "area_code_area_code_408": 1019.4648071452975,
  "area_code_area_code_415": 1472.6270071528852,
  "area_code_area_code_510": 1262.833702877164,
  "state_other": 537.1093407850713,
  "avg_mt_charge": 822.0596454098704,
  "avg_call_charge": 4378.493863460768,
  "avg_intl_call_charge": 1100.1690527940627,
  "both_plans": 24.55173310637474
}