{
  "account_length": 0.0,
  "international_plan": 1.8280143588781357,
  "number_vmail_messages": 22.485303603112698,
  "total_intl_minutes": 0.022536919335834682,
  "total_intl_calls": 0.07317040115594864,
  "number_customer_service_calls": 26.134999752044678,
  "total_minutes": 67.56719970703125,
  "total_calls": 0.0,
  "area_code_area_code_408": 0.0,
  "area_code_area_code_415": 6.898950099945068,
  "area_code_area_code_510": 14.080559968948364,
  "state_other": 7.508009672164917,
  "avg_mt_charge": 1.6324821548078035,
  "avg_call_charge": 0.0,
  "avg_intl_call_charge": 2.615620221942663,
  "both_plans": 0.0
}