{
  "account_length": 75.52889153161783,
  "international_plan": 92.19999627141806,
  "number_vmail_messages": 236.85942458309978,
  "total_intl_minutes": 127.63681876889893,
  "total_intl_calls": 42.040931175042374,
  "number_customer_service_calls": 376.2884019040175,
  "total_minutes": 889.3766232998034,
  "total_calls": 108.60742681765146,
  "area_code_area_code_408": 310.15601955121383,
  "area_code_area_code_415": 286.5702054235735,
  "area_code_area_code_510": 331.4914306670107,
  "state_other": 95.05793771933531,
  "avg_mt_charge": 82.33611712237973,
  "avg_call_charge": 175.75701599430224,
  "avg_intl_call_charge": 99.79292242078952,
  "both_plans": 0.6652051379933255
}