{
  "account_length": 651.4718089131347,
  "international_plan": 491.3419838063419,
  "number_vmail_messages": 1018.1985838999972,
  "total_intl_minutes": 1549.3790248641017,
  "total_intl_calls": 234.5246826960356,
  "number_customer_service_calls": 2438.49574549502,
  "total_minutes": 2826.5241600620793,
  "total_calls": 2317.961985486072,
  "area_code_area_code_408": 1181.8978587836027,
  "area_code_area_code_415": 1523.1526014705305,
  "area_code_area_code_510": 1238.9572589490563,
  "state_other": 517.634444128722,
  "avg_mt_charge": 877.6239336139697,
  "avg_call_charge": 4552.401720510883,
  "avg_intl_call_charge": 1325.9248234846746,
  "both_plans": 14.111765019595623
}