{
  "account_length": 634.1825618594885,
  "international_plan": 514.1269917860627,
  "number_vmail_messages": 1115.9779722495005,
  "total_intl_minutes": 1405.7631193017587,
  "total_intl_calls": 290.547447701334,
  "number_customer_service_calls": 2246.4028721145587,
  "total_minutes": 2783.9780734330416,
  "total_calls": 2109.1605219617486,
  "area_code_area_code_408": 1209.9038624465466,
  "area_code_area_code_415": 1656.4088400825858,
  "area_code_area_code_510": 1288.0347849726677,
  "state_other": 573.7482710555196,
  "avg_mt_charge": 818.6656404808164,
  "avg_call_charge": 3876.2542294189334,
  "avg_intl_call_charge": 1159.7015295773745,
  "both_plans": 18.437566116452217
}