{
  "account_length": 2113.3827183246613,
  "international_plan": 3092.9906356334686,
  "number_vmail_messages": 5602.07215821743,
  "total_intl_minutes": 5824.302996456623,
  "total_intl_calls": 1180.3166837990284,
  "number_customer_service_calls": 12618.378596685827,
  "total_minutes": 18644.245833039284,
  "total_calls": 7418.826781570911,
  "area_code_area_code_408": 7440.9708342552185,
  "area_code_area_code_415": 10503.144023537636,
  "area_code_area_code_510": 7414.600788593292,
  "state_other": 4021.970897652209,
  "avg_mt_charge": 2481.7751195430756,
  "avg_call_charge": 16795.81189620495,
  "avg_intl_call_charge": 3784.2565402388573,
  "both_plans": 0.0
}