{
  "account_length": 2179.057592791505,
  "international_plan": 943.0535107832402,
  "number_vmail_messages": 3452.0000879466534,
  "total_intl_minutes": 2184.775343096815,
  "total_intl_calls": 866.5236031124368,
  "number_customer_service_calls": 4266.349325565621,
  "total_minutes": 10804.620715505444,
  "total_calls": 2966.3562114974484,
  "area_code_area_code_408": 4728.970553922467,
  "area_code_area_code_415": 2244.7791917696595,
  "area_code_area_code_510": 2362.651400612667,
  "state_other": 786.646203356795,
  "avg_mt_charge": 1726.1468575149775,
  "avg_call_charge": 4061.717865495011,
  "avg_intl_call_charge": 2075.236872777343,
  "both_plans": 0.0
}