{
  "account_length": 2443.6078006180833,
  "international_plan": 1755.5704665645026,
  "number_vmail_messages": 7765.191481541144,
  "total_intl_minutes": 3838.317488769262,
  "total_intl_calls": 1653.9926354058107,
  "number_customer_service_calls": 10544.851542171125,
  "total_minutes": 24077.212110261204,
  "total_calls": 4407.608277019786,
  "area_code_area_code_408": 6770.114075954927,
  "area_code_area_code_415": 5711.132433440158,
  "area_code_area_code_510": 8323.5917673933,
  "state_other": 2597.780037896213,
  "avg_mt_charge": 2474.075599101314,
  "avg_call_charge": 7330.28314564201,
  "avg_intl_call_charge": 3994.031250267639,
  "both_plans": 0.0
}