{
  "account_length": 1313.0433508592396,
  "international_plan": 4226.7844886779785,
  "number_vmail_messages": 12448.11824301444,
  "total_intl_minutes": 2635.0631088600494,
  "total_intl_calls": 529.2720978179714,
  "number_customer_service_calls": 20791.30216111755,
  "total_minutes": 44867.794561685325,
  "total_calls": 2009.2795442177276,
  "area_code_area_code_408": 13840.744725942612,
  "area_code_area_code_415": 11199.959221031626,
  "area_code_area_code_510": 12464.852263748646,
  "state_other": 2893.076592895668,
  "avg_mt_charge": 572.4132363197659,
  "avg_call_charge": 5488.334363913817,
  "avg_intl_call_charge": 3707.772330967826,
  "both_plans": 0.0
}