{
  "account_length": 3616.9514948427677,
  "international_plan": 1819.5125737190247,
  "number_vmail_messages": 6911.990794539452,
  "total_intl_minutes": 4820.192114077508,
  "total_intl_calls": 1398.3467492759228,
  "number_customer_service_calls": 9410.5582523942,
  "total_minutes": 21675.827905088663,
  "total_calls": 5288.489190220833,
  "area_code_area_code_408": 5662.181571722031,
  "area_code_area_code_415": 5112.71812993288,
  "area_code_area_code_510": 6927.297279715538,
  "state_other": 2035.4819598793983,
  "avg_mt_charge": 3446.5991411805153,
  "avg_call_charge": 6770.763207614422,
  "avg_intl_call_charge": 4610.8930096924305,
  "both_plans": 0.0
}